접수년도,대학가,법정동명,행정동명,20대 인구 합계
2018,서울교대,서초동,서초1동,3002
2018,서울교대,서초동,서초2동,2639
2018,서울교대,서초동,서초3동,4959
2018,서울교대,서초동,서초4동,3731
2018,서울대,봉천동,낙성대동,5088
2018,서울대,봉천동,보라매동,4459
2018,서울대,봉천동,성현동,4091
2018,서울대,봉천동,은천동,5256
2018,서울대,봉천동,인헌동,5634
2018,서울대,봉천동,중앙동,4143
2018,서울대,봉천동,청룡동,8898
2018,서울대,봉천동,청림동,1945
2018,서울대,봉천동,행운동,7396
2018,서울대,신림동,난곡동,4216
2018,서울대,신림동,난향동,1809
2018,서울대,신림동,대학동,6474
2018,서울대,신림동,미성동,4993
2018,서울대,신림동,삼성동,3281
2018,서울대,신림동,서림동,5823
2018,서울대,신림동,서원동,6047
2018,서울대,신림동,신림동,7918
2018,서울대,신림동,신사동,5247
2018,서울대,신림동,신원동,4188
2018,서울대,신림동,조원동,3699
2018,서울시립대,답십리동,답십리1동,3986
2018,서울시립대,답십리동,답십리2동,3783
2018,서울시립대,전농동,전농1동,4503
2018,서울시립대,전농동,전농2동,2489
2018,서울시립대,청량리동,청량리동,2655
2018,서울시립대,휘경동,휘경1동,2760
2018,서울시립대,휘경동,휘경2동,5029
2018,홍익대,상수동,서강동,4541
2018,홍익대,서교동,서교동,5294
2018,홍익대,합정동,합정동,3587
2019,서울교대,서초동,서초1동,2904
2019,서울교대,서초동,서초2동,2711
2019,서울교대,서초동,서초3동,5012
2019,서울교대,서초동,서초4동,3651
2019,서울대,봉천동,낙성대동,5255
2019,서울대,봉천동,보라매동,4637
2019,서울대,봉천동,성현동,3878
2019,서울대,봉천동,은천동,5506
2019,서울대,봉천동,인헌동,5815
2019,서울대,봉천동,중앙동,4359
2019,서울대,봉천동,청룡동,10375
2019,서울대,봉천동,청림동,1944
2019,서울대,봉천동,행운동,7414
2019,서울대,신림동,난곡동,4217
2019,서울대,신림동,난향동,1741
2019,서울대,신림동,대학동,6231
2019,서울대,신림동,미성동,4938
2019,서울대,신림동,삼성동,3159
2019,서울대,신림동,서림동,5735
2019,서울대,신림동,서원동,6360
2019,서울대,신림동,신림동,8152
2019,서울대,신림동,신사동,5526
2019,서울대,신림동,신원동,4317
2019,서울대,신림동,조원동,3905
2019,서울시립대,답십리동,답십리1동,4074
2019,서울시립대,답십리동,답십리2동,4043
2019,서울시립대,전농동,전농1동,4642
2019,서울시립대,전농동,전농2동,2442
2019,서울시립대,청량리동,청량리동,2520
2019,서울시립대,휘경동,휘경1동,3063
2019,서울시립대,휘경동,휘경2동,5158
2019,홍익대,상수동,서강동,4680
2019,홍익대,서교동,서교동,5273
2019,홍익대,합정동,합정동,3623
2020,서울교대,서초동,서초1동,2830
2020,서울교대,서초동,서초2동,3063
2020,서울교대,서초동,서초3동,5256
2020,서울교대,서초동,서초4동,3594
2020,서울대,봉천동,낙성대동,5548
2020,서울대,봉천동,보라매동,4687
2020,서울대,봉천동,성현동,3998
2020,서울대,봉천동,은천동,5501
2020,서울대,봉천동,인헌동,5820
2020,서울대,봉천동,중앙동,4446
2020,서울대,봉천동,청룡동,11170
2020,서울대,봉천동,청림동,1858
2020,서울대,봉천동,행운동,7457
2020,서울대,신림동,난곡동,4144
2020,서울대,신림동,난향동,1734
2020,서울대,신림동,대학동,6186
2020,서울대,신림동,미성동,4825
2020,서울대,신림동,삼성동,2907
2020,서울대,신림동,서림동,5713
2020,서울대,신림동,서원동,6501
2020,서울대,신림동,신림동,8406
2020,서울대,신림동,신사동,5798
2020,서울대,신림동,신원동,4393
2020,서울대,신림동,조원동,4091
2020,서울시립대,답십리동,답십리1동,4017
2020,서울시립대,답십리동,답십리2동,3837
2020,서울시립대,전농동,전농1동,4680
2020,서울시립대,전농동,전농2동,2381
2020,서울시립대,청량리동,청량리동,2348
2020,서울시립대,휘경동,휘경1동,3284
2020,서울시립대,휘경동,휘경2동,5324
2020,홍익대,상수동,서강동,4644
2020,홍익대,서교동,서교동,6271
2020,홍익대,합정동,합정동,3598
2021,서울교대,서초동,서초1동,2820
2021,서울교대,서초동,서초2동,3486
2021,서울교대,서초동,서초3동,5446
2021,서울교대,서초동,서초4동,3488
2021,서울대,봉천동,낙성대동,5521
2021,서울대,봉천동,보라매동,4786
2021,서울대,봉천동,성현동,3753
2021,서울대,봉천동,은천동,5352
2021,서울대,봉천동,인헌동,5832
2021,서울대,봉천동,중앙동,4424
2021,서울대,봉천동,청룡동,11583
2021,서울대,봉천동,청림동,1783
2021,서울대,봉천동,행운동,7529
2021,서울대,신림동,난곡동,4038
2021,서울대,신림동,난향동,1700
2021,서울대,신림동,대학동,5896
2021,서울대,신림동,미성동,4725
2021,서울대,신림동,삼성동,2572
2021,서울대,신림동,서림동,5450
2021,서울대,신림동,서원동,6352
2021,서울대,신림동,신림동,8676
2021,서울대,신림동,신사동,5863
2021,서울대,신림동,신원동,4357
2021,서울대,신림동,조원동,4039
2021,서울시립대,답십리동,답십리1동,4108
2021,서울시립대,답십리동,답십리2동,3518
2021,서울시립대,전농동,전농1동,4466
2021,서울시립대,전농동,전농2동,2190
2021,서울시립대,청량리동,청량리동,2181
2021,서울시립대,휘경동,휘경1동,3611
2021,서울시립대,휘경동,휘경2동,5486
2021,홍익대,상수동,서강동,5005
2021,홍익대,서교동,서교동,6196
2021,홍익대,합정동,합정동,3272
2022,서울교대,서초동,서초1동,2796
2022,서울교대,서초동,서초2동,3408
2022,서울교대,서초동,서초3동,5248
2022,서울교대,서초동,서초4동,3417
2022,서울대,봉천동,낙성대동,5884
2022,서울대,봉천동,보라매동,4838
2022,서울대,봉천동,성현동,3699
2022,서울대,봉천동,은천동,5199
2022,서울대,봉천동,인헌동,5933
2022,서울대,봉천동,중앙동,4530
2022,서울대,봉천동,청룡동,11916
2022,서울대,봉천동,청림동,1689
2022,서울대,봉천동,행운동,7773
2022,서울대,신림동,난곡동,3867
2022,서울대,신림동,난향동,1663
2022,서울대,신림동,대학동,6185
2022,서울대,신림동,미성동,4622
2022,서울대,신림동,삼성동,2283
2022,서울대,신림동,서림동,5704
2022,서울대,신림동,서원동,6546
2022,서울대,신림동,신림동,9180
2022,서울대,신림동,신사동,6056
2022,서울대,신림동,신원동,4445
2022,서울대,신림동,조원동,4405
2022,서울시립대,답십리동,답십리1동,3905
2022,서울시립대,답십리동,답십리2동,3276
2022,서울시립대,전농동,전농1동,4435
2022,서울시립대,전농동,전농2동,2037
2022,서울시립대,청량리동,청량리동,2069
2022,서울시립대,휘경동,휘경1동,3698
2022,서울시립대,휘경동,휘경2동,5506
2022,홍익대,상수동,서강동,4864
2022,홍익대,서교동,서교동,6145
2022,홍익대,합정동,합정동,3115
2023,서울교대,서초동,서초1동,2660
2023,서울교대,서초동,서초2동,3387
2023,서울교대,서초동,서초3동,5247
2023,서울교대,서초동,서초4동,3448
2023,서울대,봉천동,낙성대동,5779
2023,서울대,봉천동,보라매동,4448
2023,서울대,봉천동,성현동,3631
2023,서울대,봉천동,은천동,5102
2023,서울대,봉천동,인헌동,5833
2023,서울대,봉천동,중앙동,4406
2023,서울대,봉천동,청룡동,11599
2023,서울대,봉천동,청림동,1619
2023,서울대,봉천동,행운동,7664
2023,서울대,신림동,난곡동,3587
2023,서울대,신림동,난향동,1624
2023,서울대,신림동,대학동,6404
2023,서울대,신림동,미성동,4343
2023,서울대,신림동,삼성동,2179
2023,서울대,신림동,서림동,5572
2023,서울대,신림동,서원동,6442
2023,서울대,신림동,신림동,8872
2023,서울대,신림동,신사동,5900
2023,서울대,신림동,신원동,4197
2023,서울대,신림동,조원동,4384
2023,서울시립대,답십리동,답십리1동,3821
2023,서울시립대,답십리동,답십리2동,3190
2023,서울시립대,전농동,전농1동,4849
2023,서울시립대,전농동,전농2동,2006
2023,서울시립대,청량리동,청량리동,2237
2023,서울시립대,휘경동,휘경1동,3690
2023,서울시립대,휘경동,휘경2동,5843
2023,홍익대,상수동,서강동,4709
2023,홍익대,서교동,서교동,5916
2023,홍익대,합정동,합정동,3016
2024,서울교대,서초동,서초1동,2633
2024,서울교대,서초동,서초2동,3241
2024,서울교대,서초동,서초3동,5168
2024,서울교대,서초동,서초4동,3401
2024,서울대,봉천동,낙성대동,5717
2024,서울대,봉천동,보라매동,4226
2024,서울대,봉천동,성현동,3462
2024,서울대,봉천동,은천동,4944
2024,서울대,봉천동,인헌동,5558
2024,서울대,봉천동,중앙동,4404
2024,서울대,봉천동,청룡동,11513
2024,서울대,봉천동,청림동,1589
2024,서울대,봉천동,행운동,7292
2024,서울대,신림동,난곡동,3274
2024,서울대,신림동,난향동,1545
2024,서울대,신림동,대학동,6422
2024,서울대,신림동,미성동,4067
2024,서울대,신림동,삼성동,1951
2024,서울대,신림동,서림동,5388
2024,서울대,신림동,서원동,6247
2024,서울대,신림동,신림동,8624
2024,서울대,신림동,신사동,5868
2024,서울대,신림동,신원동,3960
2024,서울대,신림동,조원동,4240
2024,서울시립대,답십리동,답십리1동,3741
2024,서울시립대,답십리동,답십리2동,2978
2024,서울시립대,전농동,전농1동,4960
2024,서울시립대,전농동,전농2동,1912
2024,서울시립대,청량리동,청량리동,2174
2024,서울시립대,휘경동,휘경1동,3629
2024,서울시립대,휘경동,휘경2동,5682
2024,홍익대,상수동,서강동,4674
2024,홍익대,서교동,서교동,5634
2024,홍익대,합정동,합정동,2780
